aggregation,malicious_fraction,seed,round,loss,lr,val_accuracy,val_macro_f1,val_asr
fedavg,0.0,42,1,0.9952,6.67e-05,0.7184,0.2754,
fedavg,0.0,42,2,0.8629,0.000133,0.7554,0.3978,
fedavg,0.0,42,3,0.8053,0.0002,0.7757,0.4908,
fedavg,0.0,42,4,0.7369,0.0002,0.7841,0.5422,
fedavg,0.0,42,5,0.6991,0.000199,0.7883,0.523,
fedavg,0.0,42,6,0.6686,0.000197,0.7987,0.592,
fedavg,0.0,42,7,0.6399,0.000194,0.8092,0.653,
fedavg,0.0,42,8,0.6174,0.000189,0.805,0.6306,
fedavg,0.0,42,9,0.5959,0.000183,0.8092,0.6468,
fedavg,0.0,42,10,0.5805,0.000176,0.8134,0.6406,
fedavg,0.0,42,11,0.5678,0.000168,0.8127,0.6381,
fedavg,0.0,42,12,0.5466,0.000159,0.8134,0.6436,
fedavg,0.0,42,13,0.5343,0.000149,0.8134,0.6444,
fedavg,0.0,42,14,0.5174,0.000139,0.8134,0.6376,
fedavg,0.0,42,15,0.5054,0.000128,0.8148,0.6318,
fedavg,0.0,42,16,0.4838,0.000116,0.8127,0.6427,
fedavg,0.0,42,17,0.4808,0.000105,0.8169,0.6521,
fedavg,0.0,42,18,0.4704,9.35e-05,0.8134,0.6437,
fedavg,0.0,42,19,0.4564,8.23e-05,0.8162,0.6542,
fedavg,0.0,42,20,0.4555,7.13e-05,0.8134,0.653,
fedavg,0.0,42,21,0.4448,6.09e-05,0.8148,0.6446,
fedavg,0.0,42,22,0.4341,5.1e-05,0.8169,0.6711,
fedavg,0.0,42,23,0.4317,4.2e-05,0.8162,0.6653,
fedavg,0.0,42,24,0.4248,3.39e-05,0.8162,0.6673,
fedavg,0.0,42,25,0.4214,2.68e-05,0.8127,0.6534,
fedavg,0.0,42,26,0.4172,2.09e-05,0.8106,0.6471,
fedavg,0.0,42,27,0.4181,1.62e-05,0.8134,0.6583,
fedavg,0.0,42,28,0.4204,1.28e-05,0.8134,0.6496,
fedavg,0.0,42,29,0.4167,1.07e-05,0.8141,0.6654,
fedavg,0.0,42,30,0.4167,1e-05,0.812,0.6564,
trust,0.0,42,1,0.9952,6.67e-05,0.7177,0.2745,
trust,0.0,42,2,0.8632,0.000133,0.7589,0.4283,
trust,0.0,42,3,0.8062,0.0002,0.7757,0.4965,
trust,0.0,42,4,0.7371,0.0002,0.7848,0.5339,
trust,0.0,42,5,0.7005,0.000199,0.7904,0.5209,
trust,0.0,42,6,0.6704,0.000197,0.8008,0.5913,
trust,0.0,42,7,0.6421,0.000194,0.8064,0.6357,
trust,0.0,42,8,0.6193,0.000189,0.8043,0.6205,
trust,0.0,42,9,0.5963,0.000183,0.8092,0.6494,
trust,0.0,42,10,0.581,0.000176,0.8148,0.6419,
trust,0.0,42,11,0.5681,0.000168,0.8148,0.6433,
trust,0.0,42,12,0.5473,0.000159,0.8141,0.6412,
trust,0.0,42,13,0.534,0.000149,0.8162,0.6426,
trust,0.0,42,14,0.5194,0.000139,0.8176,0.6388,
trust,0.0,42,15,0.5065,0.000128,0.8162,0.6384,
trust,0.0,42,16,0.4856,0.000116,0.8127,0.6343,
trust,0.0,42,17,0.4819,0.000105,0.819,0.6526,
trust,0.0,42,18,0.4726,9.35e-05,0.8176,0.6434,
trust,0.0,42,19,0.4578,8.23e-05,0.8148,0.6325,
trust,0.0,42,20,0.4563,7.13e-05,0.8169,0.6534,
trust,0.0,42,21,0.4451,6.09e-05,0.8134,0.6298,
trust,0.0,42,22,0.4361,5.1e-05,0.8197,0.6578,
trust,0.0,42,23,0.4332,4.2e-05,0.8148,0.6368,
trust,0.0,42,24,0.4264,3.39e-05,0.8197,0.6666,
trust,0.0,42,25,0.4229,2.68e-05,0.8155,0.6517,
trust,0.0,42,26,0.4184,2.09e-05,0.8176,0.6485,
trust,0.0,42,27,0.4204,1.62e-05,0.8162,0.6469,
trust,0.0,42,28,0.4216,1.28e-05,0.8127,0.6383,
trust,0.0,42,29,0.4183,1.07e-05,0.8155,0.6515,
trust,0.0,42,30,0.4179,1e-05,0.8155,0.6476,
fedavg,0.2,42,1,0.9151,6.67e-05,0.7009,0.1866,0.6655
fedavg,0.2,42,2,0.8054,0.000133,0.7338,0.326,0.5252
fedavg,0.2,42,3,0.7554,0.0002,0.7554,0.4056,0.446
fedavg,0.2,42,4,0.6963,0.0002,0.7645,0.4468,0.4496
fedavg,0.2,42,5,0.6617,0.000199,0.7764,0.4777,0.4784
fedavg,0.2,42,6,0.6323,0.000197,0.7701,0.4929,0.5216
fedavg,0.2,42,7,0.6095,0.000194,0.7987,0.5768,0.4137
fedavg,0.2,42,8,0.582,0.000189,0.7925,0.5712,0.3849
fedavg,0.2,42,9,0.5654,0.000183,0.8036,0.5988,0.3381
fedavg,0.2,42,10,0.5495,0.000176,0.7966,0.6014,0.4317
fedavg,0.2,42,11,0.5432,0.000168,0.8001,0.5957,0.4029
fedavg,0.2,42,12,0.5226,0.000159,0.7918,0.5784,0.4388
fedavg,0.2,42,13,0.5116,0.000149,0.7994,0.5984,0.4604
fedavg,0.2,42,14,0.4964,0.000139,0.7973,0.6038,0.4676
fedavg,0.2,42,15,0.4878,0.000128,0.798,0.6013,0.4856
fedavg,0.2,42,16,0.4698,0.000116,0.8085,0.6195,0.4065
fedavg,0.2,42,17,0.4654,0.000105,0.812,0.6298,0.3777
fedavg,0.2,42,18,0.4548,9.35e-05,0.8092,0.6256,0.3957
fedavg,0.2,42,19,0.4421,8.23e-05,0.805,0.6167,0.4353
fedavg,0.2,42,20,0.442,7.13e-05,0.8085,0.6162,0.3813
fedavg,0.2,42,21,0.4321,6.09e-05,0.8057,0.6199,0.4281
fedavg,0.2,42,22,0.4233,5.1e-05,0.8071,0.6212,0.3885
fedavg,0.2,42,23,0.4242,4.2e-05,0.8099,0.6323,0.4101
fedavg,0.2,42,24,0.4175,3.39e-05,0.8029,0.6229,0.4245
fedavg,0.2,42,25,0.4151,2.68e-05,0.8071,0.6221,0.4137
fedavg,0.2,42,26,0.4121,2.09e-05,0.8064,0.6182,0.4137
fedavg,0.2,42,27,0.4138,1.62e-05,0.8029,0.6166,0.4173
fedavg,0.2,42,28,0.4195,1.28e-05,0.8036,0.6212,0.4245
fedavg,0.2,42,29,0.4175,1.07e-05,0.8022,0.6147,0.4173
fedavg,0.2,42,30,0.4194,1e-05,0.8036,0.6218,0.4173
trust,0.2,42,1,0.9151,6.67e-05,0.7163,0.2729,0.3741
trust,0.2,42,2,0.8026,0.000133,0.7449,0.3616,0.4496
trust,0.2,42,3,0.7528,0.0002,0.7743,0.4831,0.295
trust,0.2,42,4,0.6948,0.0002,0.7897,0.5642,0.1906
trust,0.2,42,5,0.6616,0.000199,0.7876,0.519,0.3201
trust,0.2,42,6,0.6295,0.000197,0.7945,0.5686,0.2878
trust,0.2,42,7,0.6047,0.000194,0.8085,0.5994,0.2266
trust,0.2,42,8,0.579,0.000189,0.8029,0.6322,0.2338
trust,0.2,42,9,0.5626,0.000183,0.8008,0.6429,0.2194
trust,0.2,42,10,0.5474,0.000176,0.8176,0.6494,0.2878
trust,0.2,42,11,0.5396,0.000168,0.8162,0.6448,0.2374
trust,0.2,42,12,0.5179,0.000159,0.8113,0.6234,0.2878
trust,0.2,42,13,0.5065,0.000149,0.8211,0.6619,0.2518
trust,0.2,42,14,0.4949,0.000139,0.819,0.6362,0.277
trust,0.2,42,15,0.4854,0.000128,0.8218,0.6391,0.2734
trust,0.2,42,16,0.4675,0.000116,0.8169,0.6398,0.2086
trust,0.2,42,17,0.4641,0.000105,0.8197,0.6618,0.2194
trust,0.2,42,18,0.4562,9.35e-05,0.8155,0.6248,0.2338
trust,0.2,42,19,0.4445,8.23e-05,0.8211,0.6666,0.241
trust,0.2,42,20,0.4448,7.13e-05,0.819,0.6544,0.2446
trust,0.2,42,21,0.4324,6.09e-05,0.8225,0.6486,0.2734
trust,0.2,42,22,0.4271,5.1e-05,0.8162,0.6611,0.223
trust,0.2,42,23,0.431,4.2e-05,0.8085,0.6439,0.241
trust,0.2,42,24,0.4307,3.39e-05,0.8162,0.6602,0.2374
trust,0.2,42,25,0.4285,2.68e-05,0.8141,0.6396,0.2482
trust,0.2,42,26,0.4263,2.09e-05,0.8155,0.649,0.2374
trust,0.2,42,27,0.4297,1.62e-05,0.8169,0.6513,0.2446
trust,0.2,42,28,0.4433,1.28e-05,0.8162,0.6478,0.2482
trust,0.2,42,29,0.4406,1.07e-05,0.8141,0.6506,0.2518
trust,0.2,42,30,0.4437,1e-05,0.8141,0.6499,0.2518
fedavg,0.0,43,1,0.9827,6.67e-05,0.7184,0.2795,
fedavg,0.0,43,2,0.8537,0.000133,0.754,0.4555,
fedavg,0.0,43,3,0.791,0.0002,0.7806,0.5132,
fedavg,0.0,43,4,0.7369,0.0002,0.7806,0.5395,
fedavg,0.0,43,5,0.6958,0.000199,0.8022,0.5964,
fedavg,0.0,43,6,0.6627,0.000197,0.7994,0.5628,
fedavg,0.0,43,7,0.6415,0.000194,0.8064,0.605,
fedavg,0.0,43,8,0.6136,0.000189,0.8113,0.6275,
fedavg,0.0,43,9,0.5941,0.000183,0.8099,0.6259,
fedavg,0.0,43,10,0.5688,0.000176,0.8106,0.6299,
fedavg,0.0,43,11,0.5551,0.000168,0.8232,0.6507,
fedavg,0.0,43,12,0.5391,0.000159,0.8176,0.6333,
fedavg,0.0,43,13,0.522,0.000149,0.8155,0.6434,
fedavg,0.0,43,14,0.5114,0.000139,0.8169,0.6512,
fedavg,0.0,43,15,0.5005,0.000128,0.8148,0.6523,
fedavg,0.0,43,16,0.4896,0.000116,0.8176,0.6504,
fedavg,0.0,43,17,0.4834,0.000105,0.8092,0.6397,
fedavg,0.0,43,18,0.467,9.35e-05,0.8162,0.641,
fedavg,0.0,43,19,0.4594,8.23e-05,0.8183,0.6645,
fedavg,0.0,43,20,0.4474,7.13e-05,0.819,0.65,
fedavg,0.0,43,21,0.4454,6.09e-05,0.8162,0.6333,
fedavg,0.0,43,22,0.4369,5.1e-05,0.8211,0.6575,
fedavg,0.0,43,23,0.4275,4.2e-05,0.812,0.6366,
fedavg,0.0,43,24,0.4214,3.39e-05,0.8127,0.6415,
fedavg,0.0,43,25,0.4174,2.68e-05,0.8162,0.6416,
fedavg,0.0,43,26,0.4225,2.09e-05,0.8169,0.6457,
fedavg,0.0,43,27,0.4168,1.62e-05,0.8176,0.6483,
fedavg,0.0,43,28,0.4179,1.28e-05,0.8176,0.6477,
fedavg,0.0,43,29,0.4152,1.07e-05,0.8169,0.6445,
fedavg,0.0,43,30,0.4199,1e-05,0.8113,0.6272,
trust,0.0,43,1,0.9827,6.67e-05,0.717,0.2779,
trust,0.0,43,2,0.8536,0.000133,0.7526,0.4426,
trust,0.0,43,3,0.7916,0.0002,0.7806,0.5128,
trust,0.0,43,4,0.7364,0.0002,0.7785,0.5313,
trust,0.0,43,5,0.6968,0.000199,0.7987,0.5509,
trust,0.0,43,6,0.665,0.000197,0.7987,0.5665,
trust,0.0,43,7,0.6409,0.000194,0.8078,0.6056,
trust,0.0,43,8,0.6149,0.000189,0.8071,0.6297,
trust,0.0,43,9,0.5954,0.000183,0.8092,0.6192,
trust,0.0,43,10,0.5696,0.000176,0.8113,0.6324,
trust,0.0,43,11,0.556,0.000168,0.8211,0.6425,
trust,0.0,43,12,0.5417,0.000159,0.8176,0.6291,
trust,0.0,43,13,0.5223,0.000149,0.8141,0.6389,
trust,0.0,43,14,0.5112,0.000139,0.8169,0.6499,
trust,0.0,43,15,0.5022,0.000128,0.812,0.6425,
trust,0.0,43,16,0.4929,0.000116,0.812,0.6426,
trust,0.0,43,17,0.4851,0.000105,0.8176,0.6441,
trust,0.0,43,18,0.4705,9.35e-05,0.8162,0.6451,
trust,0.0,43,19,0.4612,8.23e-05,0.8134,0.6543,
trust,0.0,43,20,0.4497,7.13e-05,0.8176,0.6391,
trust,0.0,43,21,0.4474,6.09e-05,0.8141,0.6278,
trust,0.0,43,22,0.4378,5.1e-05,0.8141,0.6421,
trust,0.0,43,23,0.43,4.2e-05,0.8134,0.661,
trust,0.0,43,24,0.4226,3.39e-05,0.8092,0.6242,
trust,0.0,43,25,0.4197,2.68e-05,0.8134,0.6437,
trust,0.0,43,26,0.4242,2.09e-05,0.8169,0.651,
trust,0.0,43,27,0.4186,1.62e-05,0.8127,0.6408,
trust,0.0,43,28,0.4197,1.28e-05,0.8148,0.6472,
trust,0.0,43,29,0.4175,1.07e-05,0.8155,0.6496,
trust,0.0,43,30,0.4218,1e-05,0.8155,0.6444,
fedavg,0.2,43,1,0.9061,6.67e-05,0.6897,0.166,0.7194
fedavg,0.2,43,2,0.7955,0.000133,0.7268,0.3277,0.5935
fedavg,0.2,43,3,0.7423,0.0002,0.7526,0.3857,0.4892
fedavg,0.2,43,4,0.691,0.0002,0.7603,0.4507,0.5072
fedavg,0.2,43,5,0.6545,0.000199,0.7764,0.4872,0.4712
fedavg,0.2,43,6,0.6258,0.000197,0.7848,0.5118,0.4173
fedavg,0.2,43,7,0.607,0.000194,0.7792,0.5242,0.536
fedavg,0.2,43,8,0.5808,0.000189,0.7994,0.5877,0.3921
fedavg,0.2,43,9,0.5618,0.000183,0.7959,0.5731,0.4245
fedavg,0.2,43,10,0.5389,0.000176,0.8001,0.5758,0.4245
fedavg,0.2,43,11,0.5299,0.000168,0.8022,0.5799,0.3885
fedavg,0.2,43,12,0.518,0.000159,0.8008,0.5821,0.4173
fedavg,0.2,43,13,0.4972,0.000149,0.8078,0.6048,0.3525
fedavg,0.2,43,14,0.4896,0.000139,0.8029,0.6009,0.4209
fedavg,0.2,43,15,0.4809,0.000128,0.8043,0.5938,0.4353
fedavg,0.2,43,16,0.4704,0.000116,0.8036,0.5874,0.3921
fedavg,0.2,43,17,0.4635,0.000105,0.8001,0.6038,0.4388
fedavg,0.2,43,18,0.452,9.35e-05,0.8015,0.5987,0.4173
fedavg,0.2,43,19,0.4441,8.23e-05,0.8078,0.6193,0.3993
fedavg,0.2,43,20,0.4335,7.13e-05,0.8064,0.6142,0.4101
fedavg,0.2,43,21,0.4329,6.09e-05,0.8008,0.6011,0.4568
fedavg,0.2,43,22,0.4249,5.1e-05,0.8001,0.5977,0.4317
fedavg,0.2,43,23,0.4165,4.2e-05,0.8057,0.6116,0.4065
fedavg,0.2,43,24,0.4143,3.39e-05,0.8036,0.6102,0.4424
fedavg,0.2,43,25,0.4095,2.68e-05,0.8022,0.6085,0.4424
fedavg,0.2,43,26,0.4153,2.09e-05,0.8092,0.6235,0.3993
fedavg,0.2,43,27,0.4101,1.62e-05,0.805,0.6129,0.4137
fedavg,0.2,43,28,0.4163,1.28e-05,0.8064,0.6161,0.4065
fedavg,0.2,43,29,0.4127,1.07e-05,0.8064,0.6199,0.3957
fedavg,0.2,43,30,0.4176,1e-05,0.8064,0.6198,0.4245
trust,0.2,43,1,0.9061,6.67e-05,0.7163,0.2898,0.4712
trust,0.2,43,2,0.7917,0.000133,0.7456,0.4346,0.2626
trust,0.2,43,3,0.7385,0.0002,0.7813,0.5116,0.2338
trust,0.2,43,4,0.6867,0.0002,0.7806,0.5298,0.2914
trust,0.2,43,5,0.6498,0.000199,0.7973,0.5827,0.295
trust,0.2,43,6,0.6219,0.000197,0.8064,0.6067,0.2446
trust,0.2,43,7,0.6001,0.000194,0.8036,0.5919,0.3633
trust,0.2,43,8,0.575,0.000189,0.8113,0.6199,0.241
trust,0.2,43,9,0.5574,0.000183,0.8099,0.6186,0.2446
trust,0.2,43,10,0.5345,0.000176,0.8092,0.6133,0.2302
trust,0.2,43,11,0.5221,0.000168,0.8204,0.6336,0.223
trust,0.2,43,12,0.5121,0.000159,0.8204,0.6277,0.2374
trust,0.2,43,13,0.4947,0.000149,0.819,0.6338,0.1942
trust,0.2,43,14,0.4845,0.000139,0.8183,0.6577,0.2302
trust,0.2,43,15,0.4739,0.000128,0.8155,0.6456,0.2302
trust,0.2,43,16,0.4651,0.000116,0.8155,0.6509,0.2302
trust,0.2,43,17,0.463,0.000105,0.8099,0.6265,0.2734
trust,0.2,43,18,0.4492,9.35e-05,0.812,0.6312,0.2374
trust,0.2,43,19,0.4403,8.23e-05,0.8148,0.6547,0.2266
trust,0.2,43,20,0.4364,7.13e-05,0.8141,0.6368,0.2446
trust,0.2,43,21,0.4328,6.09e-05,0.8113,0.627,0.2626
trust,0.2,43,22,0.4257,5.1e-05,0.8127,0.6435,0.2734
trust,0.2,43,23,0.4218,4.2e-05,0.8106,0.6375,0.259
trust,0.2,43,24,0.4212,3.39e-05,0.8148,0.6459,0.2734
trust,0.2,43,25,0.4183,2.68e-05,0.8141,0.6451,0.2698
trust,0.2,43,26,0.4265,2.09e-05,0.8169,0.6498,0.277
trust,0.2,43,27,0.4232,1.62e-05,0.8162,0.65,0.2698
trust,0.2,43,28,0.4323,1.28e-05,0.8155,0.6478,0.2662
trust,0.2,43,29,0.4325,1.07e-05,0.8148,0.6484,0.2698
trust,0.2,43,30,0.4432,1e-05,0.8127,0.6437,0.2662
